uf,rank_uf,municipio,regiao_turistica,vocacao,bioma,sazonalidade,relevancia_zion,nota,demanda,premium,natureza,glamping,imobiliario,acesso,ticket,destination_score
SC,1,Florianópolis,Grande Florianópolis,praia urbana,Mata Atlântica,verão,media,"Capital e maior fluxo do estado; alta densidade hoteleira, entrada cara",20,12,11,7,6,10,9,75
SC,2,Balneário Camboriú,Costa Verde e Mar,praia alto padrão,Mata Atlântica,verão,baixa,Verticalizado; modelo Zion não dialoga com o produto local,18,11,6,3,4,9,9,60
SC,3,Bombinhas,Costa Verde e Mar,praia e mergulho,Mata Atlântica,verão,alta,"Área preservada, restrição construtiva favorece produto de baixa densidade",15,12,14,11,6,8,8,74
SC,4,Urubici,Serra Catarinense,serra e montanha,Mata Atlântica,inverno,alta,Praça da operação própria; conhecimento de campo já instalado,13,13,15,15,9,6,8,79
SC,5,São Joaquim,Serra Catarinense,neve e vinho de altitude,Mata Atlântica,inverno,alta,Enoturismo de altitude em formação; terreno ainda acessível,12,12,14,14,9,5,8,74
SC,6,Blumenau,Vale Europeu,cultural germânica,Mata Atlântica,outubro,baixa,Demanda concentrada em evento; ocupação irregular no resto do ano,16,8,7,5,6,8,6,56
SC,7,Praia Grande,Serra Catarinense,cânions,Mata Atlântica,ano todo,alta,Portal dos cânions pelo lado catarinense; oferta ainda rústica,9,11,15,14,9,4,7,69
SC,8,Garopaba,Encantos do Sul,surf e baleias,Mata Atlântica,verão,alta,"Público de maior renda, demanda por produto autoral",14,13,13,12,7,7,9,75
SC,9,Bom Jardim da Serra,Serra Catarinense,serra e cânions,Mata Atlântica,inverno,alta,Serra do Rio do Rastro; vista rara e pouca oferta qualificada,9,12,15,15,9,4,8,72
SC,10,Imbituba,Encantos do Sul,baleia franca e surf,Mata Atlântica,inverno,alta,Temporada de baleia inverte a sazonalidade do litoral,11,11,13,11,8,7,7,68
SC,11,Penha,Costa Verde e Mar,parque temático,Mata Atlântica,verão,baixa,"Demanda de parque, ticket e perfil não aderentes",15,6,7,5,6,8,5,52
SC,12,Lages,Serra Catarinense,turismo rural,Mata Atlântica,inverno,media,Berço do turismo rural brasileiro; fazendas com estrutura ociosa,10,9,12,12,9,7,6,65
SC,13,Pomerode,Vale Europeu,cultural germânica,Mata Atlântica,ano todo,media,Cidade mais alemã do Brasil; fluxo constante e menor,11,9,9,8,7,8,6,58
SC,14,Itapema,Costa Verde e Mar,praia,Mata Atlântica,verão,baixa,Adensamento vertical acelerado,15,8,6,3,4,9,7,52
SC,15,Treze Tílias,Meio Oeste,cultural austríaca,Mata Atlântica,ano todo,media,"Nicho cultural definido, escala pequena",8,10,10,9,8,5,7,57
SC,16,Joinville,Caminho dos Príncipes,eventos e negócios,Mata Atlântica,ano todo,baixa,"Demanda corporativa, não de experiência",14,7,7,5,6,9,6,54
SC,17,Governador Celso Ramos,Grande Florianópolis,praia e costa,Mata Atlântica,verão,alta,Costeira preservada a 40 min da capital,10,12,13,12,7,9,8,71
SC,18,Rancho Queimado,Grande Florianópolis,rural de serra,Mata Atlântica,inverno,alta,Proximidade da capital com paisagem de serra,7,10,13,13,9,8,7,67
SC,19,Nova Trento,Vale Europeu,religioso,Mata Atlântica,ano todo,media,Santuário Santa Paulina; fluxo alto e ticket baixo,13,7,10,9,8,8,5,60
SC,20,Porto Belo,Costa Verde e Mar,praia e ilha,Mata Atlântica,verão,media,Ilha de Porto Belo; oferta náutica,13,10,11,8,6,8,8,64
RS,1,Gramado,Serra Gaúcha,serra e eventos,Mata Atlântica,ano todo,media,Maior destino serrano do país; entrada muito disputada e cara,20,14,11,8,5,9,10,77
RS,2,Canela,Serra Gaúcha,serra e natureza,Mata Atlântica,ano todo,alta,Vizinha de Gramado com terreno mais viável e mesma demanda,17,13,14,13,8,9,9,83
RS,3,Bento Gonçalves,Uva e Vinho,enoturismo,Mata Atlântica,vindima,alta,Vale dos Vinhedos; enoturismo maduro e ticket alto,16,14,12,11,8,8,10,79
RS,4,Cambará do Sul,Campos de Cima da Serra,cânions,Mata Atlântica,ano todo,alta,Itaimbezinho e Fortaleza; oferta muito abaixo da demanda,12,12,15,15,9,5,8,76
RS,5,Porto Alegre,Capital,urbano e negócios,Pampa,ano todo,baixa,Demanda corporativa,14,7,5,3,5,10,6,50
RS,6,Torres,Litoral Norte,praia e falésias,Mata Atlântica,verão,media,Único litoral gaúcho com relevo; balonismo,13,10,12,9,7,8,7,66
RS,7,Nova Petrópolis,Serra Gaúcha,cultural germânica,Mata Atlântica,ano todo,media,Fluxo de passagem entre Gramado e Caxias,12,10,11,10,8,8,7,66
RS,8,Garibaldi,Uva e Vinho,espumante,Mata Atlântica,vindima,alta,Capital do espumante; Maria Fumaça,12,12,11,10,8,8,9,70
RS,9,São Francisco de Paula,Campos de Cima da Serra,rural e araucárias,Mata Atlântica,inverno,alta,Campos de Cima da Serra; grandes áreas ainda disponíveis,10,11,14,14,9,7,7,72
RS,10,Caxias do Sul,Uva e Vinho,urbano e vinho,Mata Atlântica,ano todo,baixa,"Cidade industrial, demanda de negócios",12,7,7,5,6,9,6,52
RS,11,Capão da Canoa,Litoral Norte,praia,Mata Atlântica,verão,baixa,Sazonalidade extrema,12,7,8,5,5,8,6,51
RS,12,Xangri-lá,Litoral Norte,praia alto padrão,Mata Atlântica,verão,media,Atlântida; público de alta renda mas temporada curta,12,11,8,6,5,8,9,59
RS,13,Antônio Prado,Uva e Vinho,patrimônio italiano,Mata Atlântica,ano todo,alta,Maior acervo de casario italiano do país; subexplorado,7,11,11,11,9,6,7,62
RS,14,São Miguel das Missões,Missões,patrimônio UNESCO,Pampa,ano todo,media,Sítio arqueológico jesuítico; acesso distante,9,8,9,8,8,4,5,51
RS,15,Pelotas,Costa Doce,histórico e gastronomia,Pampa,ano todo,media,Casario e doces coloniais,10,8,7,6,7,7,6,51
RS,16,Bagé,Costa Doce e Pampa,pampa e estâncias,Pampa,ano todo,alta,Estâncias com potencial de conversão; pampa autêntico,6,10,12,13,9,5,7,62
RS,17,Santa Cruz do Sul,Vale do Rio Pardo,cultural germânica,Mata Atlântica,outubro,baixa,Demanda concentrada em Oktoberfest,10,6,7,6,7,7,5,48
RS,18,Flores da Cunha,Uva e Vinho,vinho,Mata Atlântica,vindima,media,Maior produtora de vinho do país em volume,9,10,10,9,8,8,7,61
RS,19,Veranópolis,Uva e Vinho,rural e longevidade,Mata Atlântica,ano todo,media,Narrativa de longevidade ainda não explorada em hospitalidade,7,9,10,9,8,7,6,56
RS,20,Jaguarão,Costa Doce,fronteira e patrimônio,Pampa,ano todo,baixa,Patrimônio nacional; fluxo baixo,5,7,8,7,8,4,5,44
PR,1,Foz do Iguaçu,Cataratas e Caminhos,natureza internacional,Mata Atlântica,ano todo,media,Segundo maior fluxo internacional do Brasil; mercado hoteleiro saturado,18,12,14,8,6,10,8,76
PR,2,Curitiba,Curitiba e Região,urbano e negócios,Mata Atlântica,ano todo,baixa,Demanda corporativa,16,8,6,3,5,10,6,54
PR,3,Morretes,Litoral do Paraná,serra e gastronomia,Mata Atlântica,ano todo,alta,Trem da Serra do Mar; Mata Atlântica preservada,12,12,15,13,8,8,7,75
PR,4,Guaraqueçaba,Litoral do Paraná,ecoturismo,Mata Atlântica,ano todo,alta,Maior remanescente contínuo de Mata Atlântica; oferta quase inexistente,6,11,15,14,9,3,7,65
PR,5,Antonina,Litoral do Paraná,histórico e baía,Mata Atlântica,ano todo,alta,Casario colonial na baía; subexplorado,8,11,13,12,9,7,7,67
PR,6,Tibagi,Campos Gerais,cânion e rafting,Mata Atlântica,ano todo,alta,"Cânion Guartelá, um dos maiores do mundo em extensão",8,10,14,13,9,5,7,66
PR,7,Prudentópolis,Caminhos do Guartelá,cachoeiras,Mata Atlântica,ano todo,alta,Terra das Cachoeiras Gigantes; oferta rústica,9,10,15,13,9,5,6,67
PR,8,Ponta Grossa,Campos Gerais,formações rochosas,Mata Atlântica,ano todo,media,Parque de Vila Velha,11,8,12,9,7,8,6,61
PR,9,Ilha do Mel (Paranaguá),Litoral do Paraná,ilha preservada,Mata Atlântica,verão,media,Restrição total de construção; entrada difícil,11,10,14,6,3,5,7,56
PR,10,Guaratuba,Litoral do Paraná,praia,Mata Atlântica,verão,baixa,Sazonalidade extrema,12,7,9,6,5,7,6,52
PR,11,Lapa,Rotas do Pinhão,histórico,Mata Atlântica,ano todo,media,Cerco da Lapa; patrimônio militar,8,8,9,8,8,8,5,54
PR,12,Piraquara,Rotas do Pinhão,serra e mananciais,Mata Atlântica,ano todo,alta,Serra do Mar a 30 min de Curitiba,8,10,14,13,8,9,7,69
PR,13,Campo Largo,Rotas do Pinhão,rural e cerâmica,Mata Atlântica,ano todo,media,Rota dos Tropeiros,7,8,10,10,8,9,6,58
PR,14,Carambeí,Campos Gerais,cultural holandesa,Mata Atlântica,ano todo,media,Parque Histórico; colônia holandesa,7,9,9,9,8,7,6,55
PR,15,Castro,Campos Gerais,rural e agro,Mata Atlântica,ano todo,media,Witmarsum; agroturismo estruturado,7,9,10,10,8,7,6,57
PR,16,Londrina,Norte do Paraná,urbano e negócios,Mata Atlântica,ano todo,baixa,Demanda corporativa,12,7,5,4,6,9,6,49
PR,17,Maringá,Norte do Paraná,urbano e eventos,Mata Atlântica,ano todo,baixa,Demanda corporativa,12,7,5,4,6,9,6,49
PR,18,Jaguariaíva,Campos Gerais,cânion e cerrado,Cerrado,ano todo,alta,Cânion do Jaguariaíva; mancha de Cerrado no PR,6,9,14,13,9,5,6,62
PR,19,Matinhos,Litoral do Paraná,praia,Mata Atlântica,verão,baixa,Sazonalidade extrema,12,6,8,5,5,8,5,49
PR,20,Quatro Barras,Rotas do Pinhão,serra e trilhas,Mata Atlântica,ano todo,alta,Caminho do Itupava; Serra do Mar acessível,7,10,14,13,8,9,7,68
